Lower tier local authorities,Type,cx,cy,Heating Does not apply,No central heating,Mains gas only,Tank or bottled gas only,Electric only,Oil only,Wood only,Solid fuel only,Renewable energy only,District or communal heat networks only,Other central heating only,Two or more (not including renewable energy),Two or more types (including renewable energy),Deprived House does not apply,Household is not deprived in any dimension,Household is deprived in one dimension,Household is deprived in two dimensions,Household is deprived in three dimensions,Household is deprived in four dimensions,total deprived household in one or more dimensions
Adur,District,-0.268,50.8608,0,423,22284,56,2306,40,16,5,40,147,151,2076,132,0,12584,9872,4194,936,92,15094
Allerdale,District,-3.3609,54.7139,0,615,30792,826,1890,3416,287,493,231,73,250,4861,239,0,21136,14953,6232,1602,50,22837
Amber Valley,District,-1.4684,53.0137,0,588,45552,367,2524,861,98,284,137,59,237,5294,277,0,27520,18893,7864,1926,75,28758
Arun,District,-0.5781,50.8457,0,1012,56347,677,6856,736,58,32,195,265,368,5724,394,0,23517,18722,9613,2532,123,30990
Ashfield,District,-1.2763,53.1086,0,386,45614,218,1946,260,46,463,93,220,398,4664,202,0,23517,18722,9613,2532,123,30990
Ashford,District,0.8671,51.1465,0,624,35805,1363,3916,4975,121,112,330,168,391,5318,460,0,26784,18085,7081,1528,105,26799
Babergh,District,0.9483,52.0463,0,431,22144,597,3566,7883,133,90,625,93,140,3998,499,0,20575,13976,4678,933,37,19624
Barking and Dagenham,Borough,0.082,51.5362,0,1611,52530,474,9141,60,18,11,146,1598,1634,6402,277,0,27781,27396,14090,4348,287,46121
Barnet,Borough,-0.1745,51.6258,0,2886,108431,831,19271,120,18,11,214,3297,2279,11059,502,0,73825,49136,19877,5415,668,75096
Barnsley,District,-1.4791,53.5533,0,755,88744,609,3637,771,122,967,402,933,985,9564,565,0,46238,36682,19079,5815,239,61815
Barrow-in-Furness,District,-3.2262,54.11,0,892,26044,120,952,173,27,54,21,65,216,2621,75,0,14599,10261,4943,1397,59,16660
Basildon,District,0.4888,51.5761,0,807,60352,495,6908,175,10,24,75,881,599,5730,305,0,35257,26222,11652,3011,221,41106
Basingstoke and Deane,District,-1.0871,51.2665,0,705,55687,815,6149,4860,88,87,446,209,497,6624,480,0,42182,24524,8202,1650,86,34462
Bassetlaw,District,-0.9447,53.3222,0,420,36800,984,2391,4258,161,801,446,87,336,4403,371,0,24096,17652,7728,1912,73,27365
Bath,City,-2.36,51.38,0,855,58923,599,7378,2961,140,171,249,513,330,6593,540,0,42870,25495,8952,1819,114,36380
Bedford,City,-0.460739,52.136436,0,922,54447,972,7682,2975,65,76,365,320,596,6089,442,0,38704,24497,9293,2224,232,36246
Birmingham,City,-1.9025,52.48,0,9995,314339,2037,49507,292,60,56,343,2524,8738,34541,1023,0,171117,146765,78859,25045,1670,252339
Blaby,Borough,-1.1733,52.5871,0,315,36354,210,1561,262,29,37,96,88,170,3294,159,0,22832,13991,4903,823,26,19743
Blackburn with Darwen,Borough,-2.4677,53.6968,0,985,47488,289,2609,315,25,67,85,228,727,5730,218,0,24187,19982,10718,3692,188,34580
Blackpool,City,-3.0357,53.8175,0,1492,50688,169,6062,57,70,24,24,144,631,5318,115,0,24769,22750,12785,4183,302,40020
Blaenau Gwent,District,-3.1639,51.7774,0,173,25733,163,684,107,30,188,35,120,236,2767,102,0,11632,10104,6291,2256,57,18708
Bolsover,Borough,-1.2936,53.2363,0,226,29303,221,1047,345,49,576,79,85,241,2918,172,0,15065,12160,6318,1672,46,20196
Bolton,District,-2.4264,53.5785,0,1747,96195,402,8045,250,42,90,104,643,1346,9650,275,0,51290,40539,20373,6244,343,67499
Boston,Borough,-0.0213,52.9785,0,324,19732,488,2315,3165,93,163,190,106,199,2446,183,0,12014,11351,4775,1181,83,17390
Bournemouth,City,-1.8808,50.7208,0,2673,134200,637,20210,248,62,33,269,1251,999,12416,843,0,83966,59166,24231,5889,590,89876
Bracknell Forest,District,-0.7497,51.4135,0,454,39365,353,5223,232,7,5,126,155,318,3719,287,0,28327,15641,5132,1069,79,21921
Bradford,City,-1.7577,53.795,0,4539,164616,1050,15172,702,114,127,258,968,3439,18321,560,0,90141,72227,35313,11416,770,119726
Braintree,District,0.5545,51.8776,0,740,42855,548,6852,7026,138,77,315,155,318,5529,434,0,32486,22192,8442,1768,96,32498
Breckland,District,0.8783,52.5291,0,630,29850,927,5779,14278,275,204,1271,114,309,5992,730,0,27457,22262,8786,1773,83,32904
Brent,District,-0.3054,51.5588,0,2662,82428,858,15907,118,12,8,198,2689,3028,10356,344,0,47376,43300,21017,6328,591,71236
Brentwood,Borough,0.3036,51.6214,0,334,25904,176,2520,405,20,15,61,142,157,2482,127,0,17935,10172,3465,716,54,14407
Bridgend,County,-3.576,51.5073,0,302,53087,510,1698,600,52,211,106,123,385,4994,293,0,28315,20477,10372,3104,91,34044
Brighton and Hove,City,-0.1367,50.8278,0,2844,91393,358,14451,200,27,20,212,1902,907,8567,521,0,58122,40060,17461,5195,563,63279
Bristol,City,-2.5879,51.4545,0,3110,143784,617,24851,262,93,83,396,2420,1686,13383,953,0,96135,60901,26503,7515,584,95503
Broadland,Borough,1.376,52.6611,0,482,39973,694,3590,6384,177,107,656,98,171,4923,504,0,29450,19966,7131,1170,42,28309
Bromsgrove,District,-2.0637,52.3338,0,364,33073,670,2027,890,51,37,104,34,151,3653,211,0,22586,13220,4557,868,33,18678
Broxbourne,County,-0.033,51.7464,0,586,30608,193,4641,80,11,9,26,152,360,3104,82,0,18526,13972,5813,1403,136,21324
Broxtowe,District,-1.2219,52.9266,0,476,40737,168,2482,68,29,99,59,53,232,3765,194,0,24190,16338,6398,1384,51,24171
Buckinghamshire,Borough,-0.8082,51.7818,0,1990,161839,3401,17917,11593,212,209,1288,756,1328,18271,1524,0,125932,68311,21635,4208,242,94396
Burnley,District,-2.2426,53.7897,0,686,32630,152,1746,166,18,66,29,74,437,3752,116,0,16305,13669,7316,2440,142,23567
Bury,District,-2.2985,53.5933,0,1035,67065,225,4957,182,27,20,66,200,574,6159,184,0,38309,27078,11875,3263,170,42386
Caerphilly,District,-3.2197,51.5731,0,395,64920,597,1623,506,80,522,102,170,528,6537,277,0,32079,25365,14321,4358,134,44178
Calderdale,Borough,-1.9772,53.7248,0,1863,70481,550,5840,843,124,197,283,200,738,8962,398,0,43225,29923,13398,3731,199,47251
Cambridge,City,0.1218,52.2053,0,831,39387,188,6098,97,9,7,154,1096,514,3487,604,0,29648,15867,5485,1390,82,22824
Camden,Borough,-0.1384,51.5291,0,2561,58575,754,11708,313,2,9,192,8706,2104,7487,349,0,44082,29601,13535,4938,603,48677
Cannock Chase,Borough,-2.025,52.6857,0,417,36060,152,2691,80,17,129,24,75,224,3455,132,0,19804,14699,7105,1784,65,23653
Canterbury,City,1.0802,51.2798,0,789,48793,826,5339,1187,86,57,173,240,371,5521,410,0,30170,22294,9079,2092,157,33622
Cardiff,City,-3.1791,51.4816,0,2067,115558,829,15376,209,31,45,123,456,1188,11059,392,0,72088,46638,21326,6862,419,75245
Carmarthenshire,Borough,-4.3047,51.7277,0,899,44413,2610,3305,19412,642,1036,648,181,246,7732,637,0,37050,27869,13425,3324,91,44709
Castle Point,District,0.5787,51.5624,0,393,30747,334,2624,48,9,7,40,80,209,2762,137,0,16388,13761,5898,1265,77,21001
Central Bedfordshire,District,-0.4694,52.1337,0,1185,94099,1324,8232,3938,108,121,562,237,653,9654,642,0,66142,38934,12938,2607,133,54612
Ceredigion,District,-4.2769,52.2132,0,798,7174,1648,3778,10895,430,402,807,50,151,4288,473,0,14553,11019,4395,898,28,16340
Charnwood,District,-1.2289,52.7865,0,705,61478,436,3623,431,74,84,138,148,357,5962,349,0,39071,23883,8869,1885,77,34714
Chelmsford,City,0.4693,51.7349,0,900,54170,1151,7815,3994,67,69,319,328,465,5661,466,0,41147,24302,8170,1694,90,34256
Cheltenham,District,-2.078,51.899,0,697,41964,116,5327,118,20,12,75,216,270,3835,249,0,29708,16236,5613,1260,82,23191
Cherwell,Borough,-1.2749,51.8478,0,753,43909,1071,6262,6508,106,120,552,297,457,5349,510,0,35653,21456,7160,1530,95,30241
Cheshire East,District,-2.451,53.1989,0,1755,134465,3006,9714,7441,242,393,757,471,759,15052,801,0,95796,55229,19584,4086,161,79060
Cheshire West and Chester,Borough,-2.904,53.1914,0,1578,120984,2256,8763,5505,179,280,491,444,826,13092,758,0,80756,49835,19598,4721,246,74400
Chesterfield,Borough,-1.4247,53.2377,0,399,40557,157,2056,94,18,295,101,140,318,3743,179,0,21488,16437,7884,2148,101,26570
Chichester,City,-0.78,50.8363,0,672,32986,1564,5631,5498,183,95,564,467,215,5653,590,0,28937,18012,5917,1184,68,25181
Chorley,District,-2.6342,53.6535,0,603,40767,275,2256,613,55,118,161,174,229,4410,467,0,26340,16325,6015,1406,46,23792
City of London,District,-0.128,51.5128,0,184,1323,29,1937,15,1,0,9,915,145,348,9,0,2937,1547,347,75,8,1977
Colchester,City,0.8917,51.889,0,863,55756,484,9317,4974,69,67,305,184,428,6617,647,0,40941,26500,9832,2292,145,38769
Conwy,District,-3.8263,53.2766,0,830,37601,1514,3096,2875,215,180,254,102,173,5038,356,0,24098,18173,7918,1956,90,28137
Cornwall,District,-5.0563,50.4999,0,8776,116942,10837,38076,34476,1639,1368,4985,308,1392,28504,3232,0,115522,88881,36692,8750,690,135013
Cotswold,District,-1.9361,51.8601,0,405,22467,1145,3970,6470,199,105,569,99,197,4626,344,0,23145,12909,3852,666,25,17452
County Durham,District,-1.5923,54.7713,0,1403,188240,1523,7193,5593,412,2117,522,494,1822,24318,1123,0,104412,79207,39903,10931,308,130349
Coventry,City,-1.5081,52.4084,0,2584,106616,588,11450,103,24,34,93,504,1626,10164,354,0,60360,45659,21411,6219,491,73780
Crawley,Borough,-0.1921,51.1063,0,590,36162,250,4044,63,8,2,37,218,499,3446,180,0,20934,15812,6931,1708,119,24570
Dacorum,District,-0.4441,51.7592,0,642,49976,418,5208,901,34,39,221,310,382,4932,345,0,34197,20159,7241,1673,142,29215
Darlington,District,-1.5515,54.5306,0,466,39821,279,2865,667,41,39,86,155,366,3906,227,0,23775,16384,6944,1738,76,25142
Dartford,District,0.219,51.4487,0,623,36405,305,3830,159,9,8,73,176,398,3503,207,0,23846,14682,5787,1282,99,21850
Denbighshire,District,-3.4152,53.16,0,546,28451,1079,2348,4156,241,341,370,98,206,4251,300,0,18992,14579,6929,1785,102,23395
Derby,City,-1.4755,52.9225,0,1829,85904,429,7480,36,36,44,120,236,1235,7930,373,0,48185,35658,16606,4907,296,57467
Derbyshire Dales,Borough,-1.6827,53.2036,0,395,21168,661,1420,3312,192,274,290,129,119,4030,293,0,17089,10764,3770,625,36,15195
Doncaster,City,-1.133,53.5225,0,1117,109842,1328,5046,1190,126,870,323,624,1185,11190,640,0,58391,46328,22336,6171,253,75088
Dorset,Borough,-2.1794,50.7105,0,2296,113634,2616,14190,14735,633,301,1260,535,582,16889,1588,0,84472,59229,21130,4136,291,84786
Dover,District,1.287,51.1294,0,676,38832,708,3182,1442,83,92,135,309,302,4545,242,0,22821,17679,8002,1918,127,27726
Dudley,Borough,-2.0872,52.5056,0,2139,113051,425,8840,62,45,65,57,289,1092,10688,312,0,60524,47358,23098,5837,256,76549
Ealing,Borough,-0.3045,51.5069,0,2814,97758,806,15480,127,12,23,230,3105,2572,10296,436,0,61529,45650,20275,5686,518,72129
East Cambridgeshire,District,0.2106,52.305,0,315,22978,568,3050,6106,61,101,473,90,118,2981,364,0,19868,12385,4128,790,30,17333
East Devon,District,-3.273,50.7114,0,1105,41536,1251,6439,5787,320,198,713,2207,237,6283,711,0,33888,23621,7809,1385,85,32900
East Hampshire,Borough,-0.9404,51.1306,0,498,37922,847,3798,3065,79,38,429,163,209,4922,748,0,30044,16634,5006,973,61,22674
East Hertfordshire,Borough,-0.0845,51.7911,0,697,44196,644,6846,3417,57,80,294,147,249,5039,351,0,35445,19214,6201,1121,40,26576
East Lindsey,District,-0.1539,53.1971,0,868,34163,2423,5654,12499,361,615,789,108,343,6402,530,0,25757,23906,11962,2954,175,38997
East Riding of Yorkshire,District,-0.3727,53.8492,0,1507,113989,2449,7401,8770,548,902,1065,135,673,13712,919,0,77704,51733,18920,3542,167,74362
East Staffordshire,Borough,-1.649,52.8167,0,823,38295,734,3381,2432,102,170,242,111,422,4346,235,0,25318,17408,6879,1594,94,25975
East Suffolk,Borough,1.4917,52.1504,0,1564,74863,1377,9560,9646,384,187,1107,269,492,10200,1097,0,51925,39292,15733,3578,219,58822
Eastbourne,District,0.2789,50.7695,0,780,34800,183,5851,48,8,17,43,381,341,3004,154,0,19705,16400,7386,1882,236,25904
Eastleigh,District,-1.3321,50.9656,0,582,46704,292,3831,214,30,16,113,267,257,4071,550,0,31397,18289,6032,1150,54,25525
Elmbridge,Borough,-0.4106,51.3725,0,524,45053,210,4307,125,8,10,120,362,353,4212,306,0,34389,15626,4642,876,54,21198
Enfield,Borough,-0.087,51.6522,0,2543,87518,707,15729,91,5,12,169,912,2061,10866,310,0,51013,43120,20209,6012,566,69907
Epping Forest,Borough,0.0995,51.6859,0,669,41330,1033,4215,1867,37,40,220,218,418,4295,216,0,27885,18102,6906,1560,104,26672
Epsom and Ewell,Borough,-0.267,51.3275,0,330,25630,91,2476,27,0,5,141,132,178,2137,174,0,18039,9574,3057,596,55,13282
Erewash,District,-1.3103,53.0137,0,697,42070,139,2425,165,53,96,117,39,276,4064,194,0,24179,17054,7164,1858,79,26155
Exeter,City,-3.5276,50.7215,0,1157,40161,203,6029,135,22,10,171,579,306,3468,312,0,26181,17439,7025,1779,130,26373
Fareham,Borough,-1.1774,50.8531,0,527,40232,167,3126,198,23,15,67,97,184,3710,294,0,26566,16065,5161,800,47,22073
Fenland,Borough,0.2654,52.4632,0,489,29997,861,3512,4524,67,121,504,145,289,3248,326,0,18370,16471,7442,1702,99,25714
Flintshire,Borough,-3.1181,53.1517,0,556,49162,1555,2206,5858,156,289,423,295,295,5714,402,0,32748,22435,9486,2155,87,34163
Folkestone and Hythe,Borough,1.1834,51.0805,0,738,35238,707,4027,2303,75,71,147,189,302,4238,302,0,21473,17142,7645,1919,159,26865
Forest of Dean,District,-2.6066,51.8092,0,457,19177,1513,2520,7049,238,523,503,49,156,4617,414,0,17898,12961,5208,1101,49,19319
Fylde,District,-3.0244,53.8615,0,454,29372,393,3672,439,31,34,75,59,148,2807,123,0,19108,12754,4648,1030,64,18496
Gateshead,District,-1.5873,54.9521,0,778,71620,309,5614,202,37,139,115,594,962,8381,248,0,39877,29733,14850,4376,163,49122
Gedling,Borough,-1.1282,53.0333,0,428,42741,280,3070,263,30,112,114,152,275,3897,191,0,26151,16974,6905,1462,59,25400
Gloucester,City,-2.2426,51.8687,0,855,43629,259,5080,104,24,24,45,206,421,4552,210,0,27115,18696,7514,1928,154,28292
Gosport,District,-1.1167,50.786,0,655,27331,160,4513,17,13,8,31,102,216,2726,150,0,16523,12813,5305,1208,73,19399
Gravesham,District,0.3707,51.4413,0,627,32858,389,2960,676,18,31,60,109,408,3372,216,0,18835,14736,6385,1626,142,22889
Great Yarmouth,District,1.7237,52.6121,0,860,28158,796,4313,5489,67,109,308,106,335,3762,241,0,16995,16376,8526,2471,176,27549
Greenwich,District,0.0098,51.47,0,2421,75572,705,14842,92,9,8,328,7020,2242,10346,467,0,55023,36622,16597,5382,428,59029
Guildford,Borough,-0.5709,51.2362,0,568,42891,655,4375,1116,42,21,337,241,314,4656,541,0,32183,17103,5312,1074,88,23577
Gwynedd,District,-4.1509,53.2231,0,1648,23666,3292,4441,8615,479,628,414,118,222,7178,404,0,25361,17040,7064,1573,67,25744
Hackney,District,-0.0535,51.5499,0,2881,69894,738,15276,106,20,13,299,4391,2528,9493,442,0,47686,34486,16971,6333,605,58395
Halton,District,-2.7462,53.3324,0,803,47139,228,2512,127,8,35,31,199,553,4143,173,0,24183,18732,9843,3088,103,31766
Hammersmith and Fulham,District,-0.2253,51.49,0,2013,55867,549,10037,163,9,7,145,3291,1625,7244,294,0,41748,25243,10555,3319,379,39496
Harborough,District,-0.9001,52.4707,0,265,30210,543,2308,2586,81,55,366,109,132,3455,303,0,23390,12472,3898,625,28,17023
Haringey,District,-0.1047,51.5896,0,2394,76547,680,11305,73,15,9,156,2181,2067,9378,286,0,45524,35580,17629,5755,607,59571
Harlow,District,0.1045,51.7746,0,402,30108,199,3036,74,6,15,46,430,446,2981,114,0,16252,13397,6350,1669,188,21604
Harrow,Borough,-0.334,51.5896,0,1282,70202,494,7988,56,5,15,76,1094,1332,6784,308,0,43681,30953,12012,2763,233,45961
Hart,District,-0.8769,51.2196,0,241,32022,393,2539,727,53,11,137,232,154,3130,325,0,24252,11899,3264,526,23,15712
Hartlepool,Borough,-1.2115,54.6927,0,342,33664,184,1886,120,17,27,54,208,526,3722,180,0,17262,13735,7570,2278,85,23668
Hastings,District,-0.6006,50.8584,0,895,31140,153,4243,49,21,9,40,259,287,3214,142,0,17007,14173,7001,2076,193,23443
Havant,Borough,-0.9777,50.8584,0,872,43279,264,3760,82,15,21,59,118,357,4508,254,0,24402,18946,8020,2020,201,29187
Havering,District,0.1854,51.577,0,1428,82383,434,7179,104,16,28,110,1013,947,7270,363,0,47903,34966,14859,3337,212,53374
Herefordshire,District,-2.7147,52.0501,0,1546,44470,2892,6730,13389,681,318,1001,201,353,10340,906,0,40941,28690,10761,2284,149,41884
Hertsmere,Borough,-0.3083,51.6772,0,443,34094,272,3749,174,11,9,64,298,341,3099,128,0,22141,14147,5171,1147,76,20541
High Peak,District,-1.9841,53.3544,0,450,32305,315,1965,732,64,133,93,154,155,4234,174,0,21222,13356,5024,1123,47,19550
Hillingdon,District,-0.4281,51.5466,0,1784,82764,695,11968,109,16,25,183,1409,1596,8318,362,0,50136,38207,16448,4110,327,59092
Hinckley and Bosworth,District,-1.3582,52.561,0,425,39737,454,2584,1263,66,148,193,56,184,4052,281,0,25421,16657,6114,1200,53,24024
Horsham,District,-0.3253,51.0635,0,616,43309,1276,5409,4776,110,48,430,313,260,5338,485,0,35372,19802,6037,1071,88,26998
Hounslow,Borough,-0.4195,51.4674,0,2266,69792,739,15509,139,16,16,144,4033,2048,7921,338,0,45406,36270,16488,4377,420,57555
Huntingdonshire,Borough,-0.2052,52.3251,0,787,56557,835,5546,5307,76,122,473,192,407,6068,511,0,41205,25319,8576,1699,82,35676
Hyndburn,Borough,-2.3587,53.7503,0,659,28788,167,1270,94,24,55,28,174,351,3101,81,0,14766,11847,6092,1985,100,20024
Ipswich,Borough,1.1551,52.059,0,1040,44610,246,8239,131,8,9,111,368,541,3946,258,0,26896,20605,9331,2519,156,32611
Isle of Anglesey,District,-4.2902,53.268,0,718,13503,2687,2461,6651,146,299,301,48,112,3609,287,0,14683,10519,4533,1057,30,16139
Isle of Wight,District,-1.302,50.6875,0,1509,46018,893,6929,1709,178,103,431,336,361,5785,517,0,28569,23476,10070,2465,195,36206
Isles of Scilly,District,-6.2933,49.9346,0,165,60,6,374,98,19,11,17,3,3,146,40,0,478,337,106,21,0,464
Islington,District,-0.1044,51.5463,0,2349,64184,860,13275,104,11,11,206,5022,1686,8355,434,0,46657,29403,14577,5409,450,49839
Kensington and Chelsea,District,-0.1801,51.497,0,2300,42435,512,9414,335,4,8,89,3955,1480,6198,154,0,35174,20245,8121,2918,426,31710
King's Lynn and West Norfolk,District,-0.3966,52.755,0,797,30639,1594,8086,16930,247,351,1401,160,375,6224,663,0,29662,24812,10524,2330,136,37802
Kingston upon Hull,District,-0.3372,53.7472,0,2093,92448,559,8169,40,31,41,119,374,1555,9775,267,0,47556,39375,21788,6452,301,67916
Kingston upon Thames,District,-0.3001,51.411,0,1184,51240,284,7011,46,9,10,119,421,546,4497,261,0,36639,20274,7045,1552,116,28987
Kirklees,Borough,-1.7749,53.6491,0,3543,143867,816,9322,715,143,236,437,936,1713,15490,770,0,82995,59593,27052,7881,469,94995
Knowsley,Borough,-2.8469,53.4069,0,1020,55121,565,2756,133,102,37,104,211,930,4820,274,0,26952,21374,12688,4856,203,39121
Lambeth,District,-0.1131,51.501,0,3517,93111,993,15588,159,15,9,225,5759,2825,11992,495,0,67366,42725,18625,5499,473,67322
Lancaster,City,-2.8014,54.0489,0,1133,45764,697,4487,1463,142,78,136,157,338,5337,244,0,29026,20314,8383,2132,124,30953
Leeds,City,-1.54856,53.80127,0,7383,261846,1439,36550,660,136,232,621,1572,3596,26274,1159,0,164958,112338,49084,14124,962,176508
Leicester,City,-1.1319,52.6344,0,2416,94228,668,14002,49,14,40,175,2421,2388,10360,624,0,49397,45634,24094,7624,639,77991
Lewes,District,-0.0043,50.8745,0,593,31800,486,3890,2103,63,17,362,148,217,3631,378,0,20934,15304,5977,1367,106,22754
Lewisham,District,-1.8251,52.6824,0,2949,87473,642,14400,85,14,8,197,3296,2136,10796,395,0,57783,39762,18556,5755,536,64609
Lichfield,City,-1.82653,52.683498,0,404,35947,776,2587,1313,63,100,157,92,216,3777,199,0,23731,14968,5762,1109,60,21899
Lincoln,City,-0.5386,53.234,0,513,34321,193,3486,55,19,8,78,125,377,3191,141,0,19193,14648,6678,1865,122,23313
Liverpool,City,-2.9785,53.4094,0,4822,161443,986,20288,111,23,44,175,1107,2894,15212,386,0,86264,67761,38407,14386,673,121227
Luton,Borough,-0.4187,51.8787,0,1453,59302,544,9041,57,10,17,56,569,1306,6387,199,0,32610,28763,13520,3732,315,46330
Maidstone,District,0.5234,51.2702,0,848,52985,1139,5854,2780,89,64,286,120,449,6068,526,0,36704,23765,8647,1937,156,34505
Maldon,Borough,0.67,51.73,0,350,15295,675,2556,5514,45,75,322,44,113,2638,273,0,13842,9688,3587,754,29,14058
Malvern Hills,Borough,-2.3346,52.1109,0,433,19637,1911,2325,5260,192,154,500,103,105,3857,414,0,18380,11642,4108,731,33,16514
Manchester,City,-2.2426,53.4808,0,4884,143876,1039,39199,193,77,23,400,2349,3731,18074,890,0,93533,70524,36937,12983,752,121196
Mansfield,Borough,-1.2,53.15,0,359,40468,228,1689,121,20,468,104,240,462,3693,178,0,20410,16642,8443,2430,105,27620
Medway,Borough,0.5499,51.385,0,1887,89685,854,7435,513,46,58,105,533,985,8959,393,0,51808,38410,16523,4326,391,59650
Melton,District,-0.8833,52.7583,0,262,15906,230,1173,2155,53,59,155,24,77,2327,178,0,11989,7627,2517,439,25,10608
Mendip,District,-2.5962,51.2565,0,698,32621,757,3829,5370,240,200,444,84,188,5354,509,0,25860,17103,6059,1211,61,24434
Merthyr Tydfil,District,-3.3806,51.749,0,206,21737,188,663,179,15,144,44,106,241,2160,100,0,10364,8578,4955,1811,77,15421
Merton,District,-0.185,51.415,0,1645,63382,388,7981,54,8,8,144,676,1057,6055,331,0,44057,25596,9632,2276,168,37672
Mid Devon,District,-3.4285,50.775,0,917,18534,1141,3415,5665,363,157,485,31,152,4286,486,0,17503,12501,4648,937,47,18133
Mid Suffolk,District,1.08,52.2,0,461,18658,928,3994,13438,175,109,1069,121,170,4682,534,0,23134,15119,5145,904,41,21209
Mid Sussex,District,-0.112,50.997,0,539,48210,562,4976,2779,93,24,287,219,265,4910,487,0,36299,19835,6078,1068,69,27050
Middlesbrough,District,-1.2376,54.573,0,752,48397,299,3554,54,18,12,65,219,1030,5684,178,0,25407,20394,10816,3517,128,34855
Milton Keynes,City,-0.7055,51.9875,0,1300,87612,888,9417,1031,33,50,207,996,1057,9629,880,0,57966,36777,14442,3653,264,55136
Mole Valley,Borough,-0.337,51.216,0,360,28556,302,2767,1123,29,15,182,166,171,3109,359,0,21063,11510,3688,794,86,16078
Monmouthshire,District,-2.8604,51.833,0,351,26986,1190,1761,5021,243,200,335,111,149,4154,422,0,21144,13592,5031,1115,43,19781
Neath Port Talbot,Borough,-3.8051,51.6669,0,435,51530,407,1977,1934,65,560,87,111,345,4735,191,0,25834,20716,11856,3858,109,36539
New Forest,Borough,-1.5714,50.8313,0,877,58542,1161,5097,2837,196,80,300,225,265,7313,672,0,39907,26596,9265,1671,127,37659
Newark and Sherwood,District,-0.947,53.08,0,420,39758,634,2340,3710,107,501,407,61,283,4751,361,0,26200,17841,7447,1743,98,27129
Newcastle upon Tyne,City,-1.6174,54.9783,0,1447,91909,457,12392,131,44,38,133,2880,1642,11298,426,0,56768,40169,19418,6149,293,66029
Newcastle-under-Lyme,Borough,-2.2416,53.0191,0,474,43311,436,2565,1032,41,161,134,145,309,4555,262,0,24983,18223,8190,1947,80,28440
Newham,District,0.044,51.53,0,2942,73669,770,17995,122,19,19,270,5710,3189,10429,371,0,45399,41296,21230,7081,501,70108
Newport,City,-2.997,51.587,0,554,53239,633,3696,602,72,77,87,814,621,5403,256,0,30293,21796,10572,3204,189,35761
North Devon,District,-4.083,51.083,0,1047,26309,865,3949,4356,341,98,597,75,198,4770,592,0,20705,15124,6010,1268,90,22492
North East Derbyshire,District,-1.4,53.15,0,267,38274,446,1059,735,79,498,152,107,231,3901,237,0,21613,15772,6916,1620,66,24374
North East Lincolnshire,Borough,-0.039,53.58,0,1021,58454,283,2983,450,63,84,136,205,527,5363,257,0,30701,24150,11618,3222,135,39125
North Hertfordshire,District,-0.1914,51.9833,0,581,41765,651,5736,2327,47,36,317,260,261,4412,341,0,31231,17898,6259,1261,83,25501
North Kesteven,Borough,-0.379,53,0,360,34369,836,2713,6533,168,592,554,33,141,4254,437,0,26651,17158,6082,1062,36,24338
North Lincolnshire,Borough,-0.4933,53.563,0,540,57720,864,2566,3327,138,555,366,222,453,5953,471,0,33731,25637,11151,2565,89,39442
North Norfolk,District,1.4775,52.849,0,789,21278,1160,5509,11895,312,280,783,118,187,5586,481,0,21480,18213,7186,1413,82,26894
North Northamptonshire,Borough,-0.635,52.5,0,1597,118334,1167,8533,3673,125,119,665,336,1067,12126,1176,0,72737,50657,20356,4918,248,76179
North Somerset,Borough,-2.9,51.21,0,930,72586,1200,7219,3146,127,76,325,362,383,7414,881,0,48754,31684,11454,2565,190,45893
North Tyneside,Borough,-1.4842,55.0091,0,767,79948,249,5066,55,13,35,64,556,866,8280,335,0,47576,31265,13730,3546,119,48660
North Warwickshire,Borough,-1.5678,52.288,0,278,20991,441,1817,842,58,226,75,21,118,2597,114,0,13032,9634,3992,887,35,14548
North West Leicestershire,Borough,-1.25,52.35,0,341,34485,793,2344,1692,73,457,379,82,229,3850,247,0,23178,14910,5672,1161,52,21795
Northumberland,Borough,-1.71,55,0,1110,104032,2647,6623,11009,741,1633,1014,422,974,15648,1069,0,71280,49905,20510,5035,191,75641
Norwich,City,1.2961,52.6297,0,980,48786,306,6854,142,30,23,158,1573,641,4617,349,0,28982,22168,10055,3052,202,35477
Nottingham,City,-1.151,52.9548,0,2039,90870,887,13762,65,28,181,255,3190,1838,11063,567,0,51881,42946,22536,7016,366,72864
Nuneaton and Bedworth,District,-1.47,52.52,0,649,46544,211,3597,97,27,133,43,391,439,4288,166,0,25493,19579,9027,2337,150,31093
Oadby and Wigston,District,-1.121,52.587,0,228,19371,59,985,25,4,2,19,50,121,1675,83,0,11109,7829,3091,549,37,11506
Oldham,District,-2.1128,53.54,0,1109,75150,432,4829,269,28,39,89,1190,1313,8407,284,0,38130,32275,16920,5520,292,55007
Oxford,City,-1.2577,51.7542,0,904,41802,320,6709,88,16,12,137,312,603,3992,342,0,28832,17781,6713,1767,146,26407
Pembrokeshire,District,-4.9223,51.7969,0,954,28745,2443,2968,12598,381,328,483,103,185,5681,620,0,25547,19262,8565,2017,97,29941
Pendle,District,-2.1733,53.86,0,852,30546,309,1218,582,42,82,78,66,476,3663,153,0,16180,13333,6450,1999,104,21886
Peterborough,City,-0.2425,52.573,0,1024,64800,979,6665,1761,31,56,216,465,1092,6775,669,0,38082,29514,13102,3578,257,46451
Plymouth,City,-4.1412,50.3755,0,2146,92634,501,8511,108,35,46,100,426,808,8596,647,0,52100,38898,18228,5049,282,62457
Portsmouth,City,-1.0916,50.8198,0,2091,65275,255,9892,32,15,17,111,745,848,6684,190,0,40658,28802,12890,3524,281,45497
Powys,Borough,-3.3833,52.4167,0,1076,23434,2622,4048,16677,950,623,936,96,239,8570,909,0,29223,20871,8317,1713,58,30959
Preston,Borough,-2.7033,53.7631,0,1039,46090,338,4803,688,112,45,197,282,643,4967,405,0,27785,20032,8931,2700,159,31822
Reading,Borough,-0.971,51.4543,0,1434,48696,441,10601,90,10,7,122,410,681,4887,304,0,34684,21772,8682,2350,195,32999
Redbridge,District,0.0833,51.576,0,2130,79918,528,10362,72,7,12,100,816,1803,7721,244,0,47994,36254,15319,3869,277,55719
Redcar and Cleveland,District,-0.105,54.618,0,569,50613,353,2610,613,69,182,107,132,637,5443,310,0,27192,21064,10307,2969,106,34446
Redditch,District,-1.9421,52.303,0,352,30420,148,1806,153,13,8,32,98,291,2939,117,0,17057,12511,5375,1338,97,19321
Reigate and Banstead,District,-0.2019,51.2389,0,529,48298,394,4546,368,25,6,124,284,386,4493,397,0,34148,18454,5919,1230,98,25701
Rhondda Cynon Taf,District,-3.41,51.6,0,776,88632,555,2544,515,101,692,157,240,720,7996,412,0,43372,34175,19521,6066,203,59965
Ribble Valley,District,-2.3833,53.8389,0,301,19230,704,1062,1888,92,117,188,82,77,2801,205,0,15673,8156,2455,436,27,11074
Richmond upon Thames,District,-0.3067,51.462,0,1177,64938,270,6212,102,10,8,158,1011,568,5878,375,0,49261,22644,6992,1678,130,31444
Richmondshire,District,-1.736,54.118,0,200,10382,463,1286,4742,170,216,287,66,101,2832,200,0,11333,7001,2208,389,13,9611
Rochdale,Borough,-2.161,53.611,0,1144,73569,433,5011,257,46,39,76,315,1116,7968,251,0,38481,30724,15621,5084,313,51742
Rochford,District,0.62,51.598,0,301,28842,614,2098,348,32,20,43,196,138,2642,282,0,17569,12393,4779,765,51,17988
Rossendale,Borough,-2.305,53.737,0,348,25262,146,1162,231,21,65,50,78,165,2922,112,0,14666,10071,4496,1270,58,15895
Rother,District,0.7167,50.95,0,611,28259,641,4062,3209,158,45,203,201,156,4219,343,0,19251,15475,6112,1192,72,22851
Rotherham,Borough,-1.359,53.433,0,929,94367,557,3738,519,64,531,232,1294,1187,9923,584,0,49653,38666,19862,5520,224,64272
Rugby,Borough,-1.265,52.373,0,437,37162,331,3513,866,44,54,222,127,264,3735,255,0,25096,15539,5231,1106,44,21920
Runnymede,Borough,-0.563,51.41,0,443,25899,842,4044,172,11,9,87,124,202,2732,272,0,18603,11306,4106,773,50,16235
Rushcliffe,Borough,-0.9767,52.97,0,357,40690,451,2195,1436,53,87,232,60,156,3872,296,0,29124,15231,4752,754,21,20758
Rushmoor,Borough,-0.746,51.25,0,503,30326,206,4309,21,4,4,38,194,299,3250,151,0,20081,12889,5038,1212,84,19223
Rutland,Borough,-0.7,52.6,0,122,11676,231,978,1520,37,53,173,51,47,1594,211,0,9675,5284,1529,198,8,7019
Ryedale,District,-0.89,54.25,0,379,11596,1001,1514,5249,337,442,428,45,101,3339,283,0,12802,8555,2867,467,23,11912
Salford,City,-2.293,53.487,0,1952,79857,436,20813,161,21,59,368,843,1368,8826,412,0,53457,37170,18229,5963,297,61659
Sandwell,District,-1.9826,52.5289,0,2349,102445,608,10421,46,29,52,66,293,2031,11607,299,0,49389,46055,26244,8161,395,80855
Scarborough,District,-0.4028,54.281,0,924,36651,555,4185,2306,170,248,318,88,293,5092,294,0,23248,18045,7750,1933,149,27877
Sedgemoor,District,-2.975,51.208,0,1005,32773,1368,5495,6559,175,164,388,123,269,5126,459,0,25589,18944,7577,1703,91,28315
Sefton,District,-2.95,53.5,0,1965,102891,569,6686,292,47,57,104,506,1036,8648,274,0,55668,41850,19817,5463,275,67405
Selby,District,-1.07,53.78,0,336,26677,1203,2138,4382,106,568,348,91,119,3289,305,0,21428,12802,4455,839,36,18132
Sevenoaks,District,0.19,51.27,0,485,35439,984,3421,3268,77,60,274,187,216,4240,360,0,26797,15559,5399,1193,65,22216
Sheffield,City,-1.47,53.38,0,3222,183700,827,16969,355,76,194,432,4872,2472,17931,900,0,105238,78863,36628,10582,639,126712
Shropshire,District,-2.75,52.6,0,1982,80503,4554,9923,20902,964,714,1611,352,529,16237,1307,0,70872,47508,17359,3697,143,68707
Slough,Borough,-0.595,51.511,0,1061,37977,341,7950,31,4,5,31,262,812,3767,182,0,22184,19176,8603,2293,168,30240
Solihull,District,-1.7794,52.4124,0,962,72794,598,5681,700,242,19,182,324,997,6640,343,0,45378,28916,12109,2915,165,44105
Somerset West and Taunton,District,-3.0856,51.0207,0,1240,44055,1194,7017,6695,405,179,657,176,371,7285,711,0,35265,23861,8879,1910,71,34721
South Cambridgeshire,District,0,52.2,0,542,42516,1075,5357,9738,113,105,1068,116,255,5113,1002,0,39133,20695,6077,1055,36,27863
South Derbyshire,District,-1.563,52.851,0,384,35944,635,1865,1541,72,279,195,102,206,3763,258,0,24546,14303,5298,1057,35,20693
South Gloucestershire,District,-2.46,51.67,0,1081,91075,1257,8640,4652,147,163,487,442,507,8960,690,0,63701,38638,13163,2454,145,54400
South Hams,District,-3.793,50.29,0,949,20753,1219,4435,5301,295,93,703,76,119,4626,766,0,20843,13180,4431,830,51,18492
South Holland,District,0.232,52.968,0,426,25771,873,2724,5737,95,399,423,55,245,3649,305,0,17927,15205,6323,1193,55,22776
South Kesteven,District,-0.379,53,0,621,42771,1054,4710,6416,136,335,447,198,278,5507,377,0,32490,21181,7674,1445,60,30360
South Lakeland,District,-2.914,54.317,0,910,31029,1012,3665,3709,337,193,382,60,162,5714,481,0,26245,15748,4838,793,33,21412
South Norfolk,District,1.29,52.681,0,658,30848,850,5299,14867,284,161,1302,151,204,5889,868,0,31718,21228,7114,1261,61,29664
South Oxfordshire,District,-1.283,51.75,0,553,43474,1236,4994,4359,102,103,533,94,211,5277,561,0,36075,19008,5413,956,45,25422
South Ribble,District,-2.724,53.715,0,654,40817,333,1972,383,31,36,78,116,170,3776,220,0,25461,16043,5871,1158,55,23127
South Somerset,District,-3.216,50.996,0,1198,43247,1528,8671,10810,319,292,1055,80,358,7634,744,0,38321,26119,9454,1938,104,37615
South Staffordshire,District,-1.8694,52.6744,0,405,36550,1244,1655,1523,58,99,117,152,197,3940,184,0,851,2573,172,61,44,2850
South Tyneside,District,-1.4585,54.97,0,490,56263,226,2468,53,21,74,82,518,832,7022,237,0,29586,23302,11971,3323,105,38701
Southampton,City,-1.4044,50.9097,0,2214,67680,362,21438,64,18,24,310,1501,1401,6821,456,0,46401,35075,15830,4573,412,55890
Southwark,Borough,-0.089,51.47,0,4021,73398,1241,23096,121,16,4,391,13839,2859,11265,567,0,63507,41817,19018,6066,410,67311
Spelthorne,District,-0.48,51.403,0,576,32824,368,4322,55,2,6,84,216,316,2818,217,0,21283,14028,5260,1145,89,20522
St Albans,City,-0.246,51.748,0,482,48054,314,4620,388,57,15,113,238,306,4133,273,0,35772,17068,5007,1084,59,23218
St. Helens,Borough,-2.732,53.453,0,1003,68813,310,3002,185,33,107,46,340,659,6324,189,0,35793,27070,13852,4161,137,45220
Stafford,Borough,-2.121,52.805,0,568,44643,1330,3380,3615,128,202,276,92,263,5275,277,0,31816,19638,7075,1440,79,28232
Staffordshire Moorlands,District,-1.88,53.087,0,437,30835,670,1604,3238,181,402,166,56,154,4350,261,0,20892,14469,5822,1149,23,21463
Stevenage,Borough,-0.2105,51.886,0,318,28988,196,3139,31,3,12,35,425,314,2957,94,0,17418,12285,5349,1332,125,19091
Stockport,Borough,-2.149,53.408,0,1570,103947,362,8626,238,169,32,210,1157,887,9017,434,0,64926,40720,16441,4294,267,61722
Stockton-on-Tees,Borough,-1.2823,54.573,0,705,69453,420,3779,383,32,56,87,270,831,7346,395,0,40497,27187,12617,3324,132,43260
Stoke-on-Trent,City,-2.1843,53.002,0,1432,90191,479,6688,99,31,236,126,432,1197,8945,542,0,45368,38581,20120,6068,263,65032
Stratford-on-Avon,District,-1.708,52.191,0,569,35537,2579,5337,7288,179,239,835,165,258,5896,580,0,33604,18900,5822,1108,30,25860
Stroud,District,-2.211,51.746,0,581,36742,642,3795,3377,199,89,508,118,215,5518,592,0,28891,16912,5425,1093,57,23487
Sunderland,City,-1.3814,54.9081,0,908,97605,405,5844,144,46,240,253,1567,1542,12811,812,0,50665,42435,22163,6645,269,71512
Surrey Heath,Borough,-0.749,51.329,0,254,29403,289,2555,118,10,6,60,96,167,2868,183,0,20857,11192,3293,626,40,15151
Sutton,Borough,-0.1942,51.358,0,1461,62095,307,10432,40,16,9,137,1143,791,5555,361,0,41892,27257,10463,2549,187,40456
Swale,District,0.9099,51.3,0,941,47471,863,3617,1263,102,57,163,121,406,5162,328,0,26811,21299,9541,2675,168,33683
Swansea,City,-3.9436,51.6214,0,974,84262,1066,5872,1959,97,331,255,576,720,8440,407,0,47764,34960,16952,5106,180,57198
Swindon,Borough,-1.7813,51.555,0,1248,75366,541,9005,545,32,25,83,613,745,7336,322,0,47251,32397,12869,3167,178,48611
Tameside,Borough,-2.0871,53.488,0,1456,81583,331,5629,168,38,32,103,357,930,8542,355,0,42979,34038,17056,5142,312,56548
Tamworth,Borough,-1.6932,52.629,0,355,27282,128,2273,26,5,37,10,46,181,2460,92,0,15032,11381,5225,1216,40,17862
Tandridge,District,-0.0063,51.1983,0,313,27335,450,2137,1234,30,17,182,114,202,3196,415,0,19938,11272,3602,760,50,15684
Teignbridge,District,-3.5545,50.5911,0,1279,40230,1450,5485,3801,338,86,426,73,214,5882,574,0,29571,20916,7761,1483,107,30267
Telford and Wrekin,Borough,-2.4479,52.702,0,721,61968,620,3265,1259,72,119,161,202,607,7165,352,0,35190,25928,12129,3138,125,41320
Tendring,District,1.135,51.775,0,943,48781,888,6699,3188,91,52,368,194,398,5427,421,0,25858,25422,12755,3171,244,41592
Test Valley,District,-1.437,51.06,0,485,35638,1252,4622,6327,116,79,483,114,233,4932,427,0,30460,17505,5573,1116,53,24247
Tewkesbury,District,-2.16,51.987,0,466,30699,884,2575,1956,81,43,179,61,160,3531,295,0,22543,13270,4277,797,44,18388
Thanet,District,1.3833,51.381,0,960,49133,432,5951,172,22,22,48,195,430,4621,217,0,25596,22482,10956,2910,256,36604
Three Rivers,District,-0.455,51.697,0,347,29989,174,2723,215,14,18,57,172,224,2676,249,0,20394,11586,3985,814,81,16466
Thurrock,Borough,0.3315,51.465,0,1173,49681,374,9001,140,17,17,65,107,597,4859,348,0,30305,23194,10204,2500,174,36072
Tonbridge and Malling,District,0.277,51.223,0,549,42140,556,3409,1550,52,42,203,221,221,4358,274,0,28883,17151,6164,1314,63,24692
Torbay,Borough,-3.583,50.4,0,1420,47951,269,7518,138,36,20,87,296,395,4592,272,0,26537,22606,10615,2984,252,36457
Torfaen,Borough,-3.026,51.67,0,214,33850,221,976,212,50,114,41,254,283,3846,181,0,17016,13738,7241,2166,80,23225
Torridge,District,-4.1294,51.015,0,925,13734,1094,3400,5986,352,152,525,91,116,3661,421,0,14051,10950,4491,907,60,16408
Tower Hamlets,Borough,-0.0225,51.518,0,3690,58328,796,33850,214,39,16,360,10036,2984,9773,453,0,55936,38337,18685,7054,527,64603
Trafford,Borough,-2.3006,53.463,0,1160,78873,228,7638,107,39,11,139,557,629,6669,217,0,51885,29699,11666,2883,,44248
Tunbridge Wells,Borough,0.262,51.139,0,628,32875,655,5077,3612,99,34,255,135,210,4320,325,0,26644,14989,5298,1188,104,21579
Uttlesford,District,0.2414,51.9265,0,316,22733,559,2559,6027,83,43,445,107,145,3450,490,0,21451,11364,3506,611,25,15506
Vale of Glamorgan,District,-3.343,51.4,0,465,45883,972,2655,1874,79,83,137,108,286,4637,270,0,29294,18575,7648,1866,68,28157
Vale of White Horse,District,-1.5083,51.6,0,542,42203,783,4786,3276,75,60,495,125,221,4526,406,0,33434,17813,5252,950,49,24064
Wakefield,City,-1.4975,53.681,0,1501,125136,683,7930,547,93,985,303,991,1070,13120,716,0,68485,51797,25294,7240,260,84591
Walsall,Borough,-1.982,52.584,0,1673,89535,557,8755,82,43,42,81,414,1348,9445,251,0,45129,39289,21212,6280,316,67097
Waltham Forest,Borough,0.008,51.58,0,2190,77750,511,9811,71,13,12,146,2023,1929,8094,351,0,46576,34786,16559,4600,380,56325
Wandsworth,Borough,-0.1944,51.463,0,2832,95727,674,18295,169,6,7,306,5333,2245,11221,578,0,80186,38272,14425,4113,396,57206
Warrington,Borough,-2.597,53.39,0,963,75969,471,4768,417,34,54,103,212,541,6675,329,0,46997,29036,11560,2824,121,43541
Warwick,District,-1.585,52.282,0,721,46976,599,6555,1539,111,24,258,307,287,4841,405,0,35954,18917,6230,1406,111,26664
Watford,Borough,-0.396,51.655,0,695,29248,217,5526,26,4,4,26,426,455,2896,111,0,20051,13115,5091,1264,107,19577
Waverley,District,-0.577,51.213,0,376,40151,589,3570,1701,82,17,322,164,166,4839,471,0,31228,15702,4609,864,45,21220
Wealden,District,0.2357,50.982,0,713,44925,1292,4785,7551,246,94,624,238,238,6843,720,0,35828,23388,7707,1287,55,32437
Welwyn Hatfield,Borough,-0.224,51.8,0,438,36429,383,3920,410,12,17,66,201,375,3706,251,0,23806,15375,5712,1240,76,22403
West Berkshire,Borough,-1.32,51.4,0,695,40807,1169,8023,7994,147,265,736,573,361,5404,484,0,37321,21058,6829,1365,85,29337
West Devon,District,-4.0626,50.4,0,669,11923,863,2143,4647,305,100,365,27,88,3337,351,0,12236,8733,3176,620,53,12582
West Lancashire,District,-2.8721,53.694,0,443,38028,1116,2177,1586,81,132,131,293,263,4103,180,0,23639,16442,6818,1567,67,24894
West Lindsey,District,-0.449,53.303,0,360,27954,1193,1952,5413,171,282,463,50,183,3928,397,0,20854,14460,5705,1273,54,21492
West Northamptonshire,District,-1.056,52.3,0,2273,125855,1798,14088,8591,217,179,1166,740,1682,14824,1227,0,89483,57289,20930,4659,280,83158
West Oxfordshire,District,-1.36,51.8,0,362,31582,685,4340,4869,120,87,608,70,214,4579,467,0,500,2956,759,29,12,3756
West Suffolk,District,0.571,52.25,0,847,46307,1141,8459,13087,147,134,823,288,430,6521,562,0,2111,3264,514,102,3,3883
Westminster,City,-0.142,51.497,0,3680,53249,742,17561,446,4,27,184,8076,2579,8049,218,0,1106,6254,2106,363,29,8752
Wigan,Borough,-2.6333,53.55,0,1383,120044,577,7411,297,51,298,132,283,893,11341,392,0,66618,46951,22904,6380,252,76487
Wiltshire,District,-1.979,51.3,0,2202,130322,3341,23764,27937,694,586,1979,602,803,21088,1763,0,114886,70924,24198,4848,225,100195
Winchester,City,-1.308,51.063,0,467,35535,1303,3986,3921,157,89,488,99,193,4784,693,0,30153,15705,4907,894,56,21562
Windsor and Maidenhead,Borough,-0.577,51.482,0,694,47041,640,5447,1292,36,22,190,307,395,4547,318,0,35924,18161,5724,1071,53,25009
Wirral,Borough,-3.0495,53.4,0,2125,120711,484,6813,238,33,26,171,673,1156,10431,392,0,65530,47854,22925,6645,298,77722
Woking,Borough,-0.5595,51.32,0,613,30401,158,5685,180,9,4,137,653,339,2918,339,0,23292,12851,4289,929,76,18145
Wokingham,Borough,-0.8344,51.4169,0,489,56857,633,4350,766,32,16,181,146,297,4958,441,0,42518,20173,5513,900,60,26646
Wolverhampton,City,-2.129,52.586,0,1863,80484,440,10465,65,29,53,60,771,1501,9123,288,0,42414,37053,19711,5649,314,62727
Worcester,City,-2.22,52.19,0,698,35559,129,4337,69,14,6,50,179,294,3220,167,0,22399,14795,5865,1553,108,22321
Worthing,Borough,-0.369,50.819,0,866,38003,92,6368,60,23,10,36,321,268,3320,170,0,23654,17226,6875,1599,183,25883
Wrexham,City,-3.004,53.047,0,560,43121,807,2945,4012,143,201,191,83,306,5276,269,0,27134,19578,8774,2333,95,30780
Wychavon,District,-2.186,52.12,0,596,37662,2567,4059,5155,133,160,382,177,255,5761,450,0,29626,19350,6922,1375,83,27730
Wyre,District,-2.907,53.854,0,631,40193,808,2830,1226,107,89,120,46,235,4281,201,0,23366,17707,7793,1813,88,27401
Wyre Forest,District,-2.365,52.2,0,671,34191,1242,2896,1071,85,89,82,123,214,4493,164,0,20798,15760,6928,1730,106,24524
York,City,-1.0822,53.959,0,1056,66964,473,7794,950,59,63,274,586,413,6413,415,0,46025,27910,9518,1918,88,39434
